fname,ename,epost,tlf,postnummer
Mira,Keller,biv-ikacore81@outlook.com,3816128043,3324
Johan,Duke,kosidu-dori30@hotmail.com,4762614010,1003
London,Cunningham,fadal_acize96@gmail.com,5576433285,3560
Claire,Melton,leciy-ejuka9@aol.com,9153542265,1583
Kareem,Garrison,mes_ozogasu99@outlook.com,6997949084,1770
Kyler,Ferrell,leh-osucuko31@mail.com,2266909939,8720
Camryn,Carver,sayeru_vuru32@aol.com,3135307725,5772
Edith,Campbell,xikide_bebo26@yahoo.com,9924509590,7239
Reed,Glover,vigowe-jepe60@hotmail.com,3854671000,9182
Cailyn,Hobbs,vadot-apuwe65@mail.com,7109785329,9614
Jade,Mosley,bose_wituwu7@aol.com,8297933744,3585
Deandre,Daugherty,suru-wonocu12@outlook.com,3174116246,5509
Dallas,Pruitt,ram_efexopa73@yahoo.com,5624299561,14
Makhi,Robertson,yohec-orevo83@aol.com,5894865145,4426
Mark,Walsh,xitimu_xele44@yahoo.com,7024671819,5684
Kamden,Black,vofar_akohi45@yahoo.com,2493584096,4896
Andrew,Hale,yafog-onuwa16@mail.com,5708809048,6217
Katelynn,Odom,hikoled_usu89@outlook.com,3258537560,2304
Francisco,Dalton,meyi_voleji61@outlook.com,9258901177,8239
Esther,Davenport,deboy-asuji8@outlook.com,4344092897,9952
Tommy,Beltran,zuhunef_iju75@yahoo.com,2659281112,367
Aedan,Pennington,kaz-agucopu13@gmail.com,7972177992,7652
Daniela,Foley,jogogu-zejo44@outlook.com,7588397545,8261
Kolten,Kerr,vay_agiyifu24@hotmail.com,6542543582,9474
Junior,Cunningham,tigot_ejane1@yahoo.com,2789853086,6700
Daniella,Coleman,tamohul_uhi94@hotmail.com,2249285633,8683
Shelby,Boyd,megire_lija76@yahoo.com,4132839869,171
Patience,Choi,nosekis_avu99@yahoo.com,4737408100,6054
Weston,Wolfe,yuna-bopugi67@outlook.com,3427302001,9700
Natalia,Tate,piveyet-abi9@gmail.com,4092681000,5738
Monserrat,Weiss,pacode_ducu8@outlook.com,5216416444,615
Lennon,Macdonald,mirilev_ipo28@mail.com,6379847163,6915
Alina,Mueller,xuluv_atina17@yahoo.com,6003975340,9034
Giancarlo,Matthews,feseva_waro86@hotmail.com,3655371677,7539
Martin,Phelps,xuwuxaj-una59@gmail.com,5017630339,5333
Ronald,Mcintosh,nawadad_oxu44@mail.com,9916215294,8169
Lena,Joseph,yas_utizima94@aol.com,7212189792,3632
Taylor,Avery,biv-awiluda78@aol.com,2408616353,738
Jadon,Hoffman,fituwed-uyo2@hotmail.com,2788666802,7207
Ben,Sutton,tuzokur_ofo76@hotmail.com,4275614730,8269
Jadyn,Fowler,peguy-elasi15@mail.com,7852896990,8868
Alexis,Bartlett,goce-limove32@hotmail.com,6655714137,2913
Cristina,Ponce,pokij_ebuze19@mail.com,8157488046,1800
Lindsey,Wilkerson,gil_ezifimi98@yahoo.com,2136129945,3766
Ximena,Marsh,rej-unocaye23@outlook.com,8114935140,9532
Braxton,Hoover,gex-apeyoze24@aol.com,8347295341,455
Quinn,Ray,fomika_luya76@mail.com,6836840014,5663
Gerald,Cummings,sebef_ejoke47@outlook.com,8265131634,7668
Halle,Snow,nofo-lobezu65@gmail.com,3785448670,7340
Kristin,Ford,kuhokov_opu57@aol.com,5696982523,8943
Londyn,Solomon,cem-ujuhobe50@mail.com,4816275475,2357
Khloe,Hardy,tupezim-ixu51@outlook.com,4306800196,4412
Rowan,Ruiz,zezu_fejide66@yahoo.com,2827107268,6369
Terrell,Petty,wuliyuc-ajo63@gmail.com,6589986443,1230
Ian,Gilbert,soru-mafoma21@outlook.com,8518672232,1088
Asa,Hunt,kavovor_ugo29@outlook.com,7017519580,8345
Rodolfo,Russell,laf_uwojeve15@hotmail.com,5887665325,5193
Jamal,Berg,rog_ivaseje69@mail.com,5972583737,9871
Jermaine,Herring,gaci_pidame24@hotmail.com,7437405229,1814
Rodrigo,Acosta,bafe-hezame69@aol.com,7516324048,1816
Aubrey,Gibbs,tux-isocola54@hotmail.com,5689880477,3635
Donna,Duke,wewemu-nalu88@aol.com,5603588652,7230
Mariah,Ewing,tejob_asebu43@hotmail.com,8907288792,3787
Amelie,Burch,wuruh-owace48@mail.com,5719669627,7098
Aaden,Glover,wawo-kefani89@hotmail.com,4474414440,329
Laney,Horne,vipawe_besi60@mail.com,2607685440,8349
Hanna,Shaffer,vop-abuyizi23@yahoo.com,2718618390,9981
Chase,Schmitt,pos-ovuhoxo44@aol.com,7898372671,6926
Maleah,Shannon,zuweheg_azi77@aol.com,9327931271,403
Sage,Stewart,welivig-ogo16@gmail.com,9153304695,6688
Naomi,Bender,nazo_kaguji49@yahoo.com,9538684736,5764
Georgia,Mclean,zoxice_rami84@outlook.com,2498691694,4038
Jaylen,Villa,wova_fopinu43@yahoo.com,5317751577,7952
Bryan,Lang,tunu-fubuma88@hotmail.com,9656316560,4256
Clara,Gentry,femeja-maru91@gmail.com,5789650266,3063
Teagan,Blevins,ped_edajowu73@hotmail.com,6035826291,9428
Tess,Frye,huzapav_ita43@yahoo.com,7685038800,2740
Emma,Gallagher,yugufoy_uni53@outlook.com,7743779250,750
Paige,Velasquez,zuheve-coti1@mail.com,6879315990,8780
Matthias,Patton,dosura-lafa87@mail.com,4172083633,9983
Terry,Evans,zuli-jizawa40@hotmail.com,2465761126,6956
Genesis,Strong,jeg-uziyaro27@gmail.com,4299056865,5976
Cason,Sandoval,xesiti-rafe48@hotmail.com,8174515598,1968
Angeline,Schultz,kigoxo-tewa16@aol.com,8875363366,2951
Brynlee,Nash,pajezid_usi52@yahoo.com,3666591555,8569
Maddison,Dawson,xipo-cituha93@yahoo.com,3498618587,1170
Anastasia,Hendrix,wez-isucagi77@outlook.com,3614806004,3366
Erick,Villarreal,xoci-dikupo43@hotmail.com,4295953669,3532
Ahmed,Shelton,sosok-uriri82@yahoo.com,9678418468,5525
Samara,Kaufman,suxova-lena95@mail.com,9063277068,997
Daphne,Harvey,futa_fiyifu95@aol.com,7176213886,5190
Aleena,Underwood,xiru_hituzo16@gmail.com,7219015563,5837
Charlize,Elliott,tilevom_iku87@mail.com,9236184866,5559
Santos,Rivers,makoz-okazu68@yahoo.com,7229258674,5317
Tanya,Sheppard,sog-apezafi8@aol.com,8505264930,421
Abril,Holder,yik-ukamema97@aol.com,8265549783,326
Ashly,Castaneda,puhew-ubolo1@aol.com,9614277542,6333
Justice,Bauer,riyar-emire53@outlook.com,3096603404,4607
Jeffrey,Grant,wehaji_degu66@aol.com,6037077612,970
Marie,Dunlap,doyoli-gika91@aol.com,5335201880,4947
Noah,Davis,burepul_ape42@gmail.com,8802321314,6744
Avery,Holloway,joz-erojaco15@yahoo.com,8729082673,988
Noel,Moran,bukes_ugisu30@mail.com,7185922459,6505
Austin,Michael,yex_unaceyi58@outlook.com,7916952193,5269
Bella,Bryan,hitude_liva54@yahoo.com,9694513823,8770
Ciara,Fuentes,vijoy_exabo98@aol.com,9363723485,6006
Alessandra,Castro,ciyem-ihoxe89@aol.com,6619980455,4605
Leroy,Hobbs,feza_yimewu92@mail.com,5705323333,6571
Layton,Spence,nehe-hijuje84@outlook.com,3289826419,7663
Ashlynn,Hayes,ducor-uzuza68@mail.com,9748504822,1196
Freddy,Middleton,pahumif_abu42@outlook.com,6256017671,1271
Virginia,Wallace,vagedog_aca55@hotmail.com,2002632463,4534
Lillie,Parsons,wiso-megeni72@mail.com,9033629445,5959
Walter,Lawrence,sohod_aroyo64@hotmail.com,3186200667,8259
Solomon,Camacho,pozer_udabu16@yahoo.com,6178945064,5464
Alexus,Huynh,bov_eyolira79@mail.com,7562102773,4222
Wyatt,Haas,buzuva_kuno15@hotmail.com,9447587534,9384
Jaydon,Sawyer,hol_efumeza53@gmail.com,4633092747,9865
Clare,Mcdonald,nozepab_ali71@outlook.com,3905836749,1239
Bennett,Mullins,sotiwak-ama20@mail.com,9203160622,3110
Brendon,Brewer,pikoy_ajile81@mail.com,3446064373,3400
Lacey,Pitts,tirojej_ixe28@mail.com,4893673142,4293
Edward,Frost,situpi_huwe58@hotmail.com,8929114450,3037
Waylon,Barnett,limu-homije22@yahoo.com,7276618241,9246
Sandra,Frederick,napi_kavevo63@gmail.com,8738146353,5665
Abbigail,Greene,zuxen-oxena4@outlook.com,2086534927,8397
Anika,Blake,bozawi_biye79@hotmail.com,6193111198,6205
Jaiden,Rodriguez,biru-lirola36@gmail.com,6398297908,6490
Laurel,Khan,gapuril_ita91@aol.com,3738670697,9736
Emely,Flynn,litahal-oti58@yahoo.com,7749798871,8891
Kaleb,Macias,giwukil-ama16@gmail.com,7732224205,3248
Orion,Griffith,picanah-iwi97@gmail.com,6874156411,39
Alexander,Pittman,tajicor_ufi56@gmail.com,9435897134,4411
Jensen,Kent,tar-asimibo54@aol.com,5063679245,1499
Frederick,Graham,juluve_lexe15@aol.com,6897834870,2504
Uriel,Reese,mawosu_tiso75@outlook.com,4933536422,1177
Makaila,Wheeler,cege-wipufe99@hotmail.com,3698128354,9905
Johnny,Cobb,fuhej_irexu43@outlook.com,8428822586,7764
Amanda,Stout,jujocu_zala70@outlook.com,6252426731,6393
Ernest,Long,bave-rureco8@yahoo.com,4322624615,4430
Payton,Houston,xapa_lawode76@hotmail.com,2453955428,2922
Bentley,Huff,nuda_xavucu46@hotmail.com,5458681968,8205
Evangeline,Woodard,caw_oxojupa23@outlook.com,3813444702,1798
Bryant,King,xacumi_loma41@hotmail.com,4617888952,3191
Edwin,Stephens,xoguziz_alu32@gmail.com,5053012424,1706
Christine,Simon,luzewa-sibo1@gmail.com,7603614719,5268
Braedon,Torres,cir-ureyuca31@yahoo.com,7012687820,3439
Micheal,Dickerson,yuca-finuke98@aol.com,8296956798,8580
Derek,Glass,kun_exajulo86@aol.com,3614886463,2416
Caitlyn,Henry,gir-esifara3@hotmail.com,9427592889,5634
Shane,Stokes,gejufaf_iko21@gmail.com,4684903963,6123
Stephen,Patterson,miver_oyaca29@outlook.com,7312661513,737
Mauricio,Johns,tem_ihutuwa55@hotmail.com,6599355768,6406
Jan,Delacruz,gecawu-nina94@hotmail.com,9334704928,8522
Casey,Whitney,yup-ewayesu2@yahoo.com,6548677898,9550
Kelsie,Barron,xivebe-guxa95@yahoo.com,2029576505,5940
Roy,Douglas,liron_edigo92@aol.com,3616416311,7411
Shiloh,Watson,ciw_agiciru29@hotmail.com,5644515243,2079
Ainsley,Gray,vigiwi_cime4@outlook.com,7777129288,1631
Madison,Dean,xicuhus_imu58@outlook.com,7284826637,7971
Mariyah,Tapia,yenuwak-umi73@mail.com,3425269248,6513
Charlie,Dixon,simaje_gaha44@aol.com,5197382867,8259
Taylor,Alexander,mazec_idufo86@gmail.com,4845374246,5433
Bria,Wilkinson,juzav_adeji30@gmail.com,3302429451,3136
Kierra,Werner,yudami-tutu10@hotmail.com,5249410611,6786
Levi,Chapman,fid_upovape97@yahoo.com,3439478262,8025
Felix,Jensen,haxan-aneza7@aol.com,8606037343,5073
Rey,Hendricks,tiyo-duhivu17@hotmail.com,2599915787,6278
Grady,Carlson,hit-uyutifo58@aol.com,7833686858,9853
Braelyn,Lozano,tivafu_buze8@outlook.com,6564080958,3797
Paula,Reyes,tegopa-voce51@yahoo.com,5259100924,8493
Mariela,Bird,ginuye_dabu76@hotmail.com,7654576041,5119
Kason,Villanueva,tuharuw_oje68@gmail.com,7588011635,1066
Gunner,Petersen,bani_rusewa55@aol.com,3732163944,1142
Zaire,Jennings,mebofi_gopi53@gmail.com,7123102434,7974
Malaki,Barrett,zaceho_yisi69@hotmail.com,2863710771,2281
Jayvon,Sanders,bebacal_ote25@mail.com,8625739167,1426
Keyon,Garrison,kebov-ewati44@yahoo.com,2487099524,2162
Carly,Collins,lilasi_fiye41@hotmail.com,2779920147,3973
Cecilia,Castillo,mawe_zoxahe29@hotmail.com,3168501322,2498
Aubrie,Hammond,moha_gapege50@yahoo.com,2338385486,1391
Reese,Wong,layig-ojusi37@gmail.com,6129322129,7078
Sophie,Carter,laz_ajetanu96@yahoo.com,8242109078,4870
Aidan,Horn,gab-omesoce62@gmail.com,2864517812,8634
Violet,Griffin,zihohit_ive24@yahoo.com,4597397413,5110
Jayden,Mays,feb-osiseti14@hotmail.com,4212813587,9175
Charlie,Robles,feh-efetopa2@aol.com,8298790696,2257
Kelly,Molina,xajeve-xoge82@hotmail.com,6847710272,3791
Ryker,Salinas,deh_ulidone99@gmail.com,9678967506,9337
Konner,Flores,kubu_vedomo42@hotmail.com,6544044160,4789
Kiara,Jhansen,beyapa-fore60@mail.com,2168906489,9209
Myles,olavson,yidoxow-imi8@aol.com,7336810059,9042
Kennedy,gunnar,san-axahoxa26@hotmail.com,7117348973,1639
Helena,Samsung,heruveb-ona56@gmail.com,6729960320,7985
Gillian,gjerdingen,mola-zigafa52@mail.com,2039068099,5396
Selena,hansen,xeyafoc_uyi24@outlook.com,3838651918,3593
Kamryn,hansen,zereh-idoba66@mail.com,4976352022,6950
Mathias,hansen,cebo_texore49@gmail.com,2397446918,4079
Samir,hansen,vatali-xumi73@gmail.com,8529001919,4578
Kristopher,hansen,sodehez-axe97@mail.com,7083994421,2322
